epoch,timestamp,x,y,z
6848750432874,20-06-2022 17:04:46:968,-0.5838487,-1.8329022,9.71486
6848754435946,20-06-2022 17:04:46:972,-0.6891329,-1.8927227,9.686146
6848769435946,20-06-2022 17:04:46:987,-0.6963114,-1.8592232,9.659825
6848783021259,20-06-2022 17:04:47:001,-0.6987042,-1.7036897,9.662218
6848793843603,20-06-2022 17:04:47:011,-0.6652047,-1.3710874,9.700503
6848803873915,20-06-2022 17:04:47:021,-0.634098,-1.0456635,9.767502
6848818873915,20-06-2022 17:04:47:036,-0.552742,-0.849452,9.84168
6848833873915,20-06-2022 17:04:47:051,-0.5407779,-0.90448695,9.839287
6848847964905,20-06-2022 17:04:47:065,-0.55752766,-1.2083755,9.8727865
6848854855530,20-06-2022 17:04:47:072,-0.57427746,-1.6438692,9.848858
6848869855530,20-06-2022 17:04:47:087,-0.55752766,-1.8376877,9.789038
6848884855530,20-06-2022 17:04:47:102,-0.49052864,-1.9142581,9.772287
6848899855530,20-06-2022 17:04:47:117,-0.40677986,-1.8999012,9.827323
6848907768082,20-06-2022 17:04:47:125,-0.34217364,-1.7754744,9.753145
6848907817301,20-06-2022 17:04:47:125,-0.2943172,-1.7659031,9.769895
6848907865478,20-06-2022 17:04:47:125,-0.28235307,-1.8233309,9.77468
6848907910321,20-06-2022 17:04:47:125,-0.35174492,-1.8544376,9.710074
6848918324332,20-06-2022 17:04:47:136,-0.42592242,-1.8568304,9.772287
6848924669696,20-06-2022 17:04:47:142,-0.45942193,-1.7036897,9.743574
6848935214332,20-06-2022 17:04:47:153,-0.46899325,-1.4213367,9.497113
6848941420842,20-06-2022 17:04:47:159,-0.46660042,-1.5361922,9.645468
6848953525113,20-06-2022 17:04:47:171,-0.38763726,-1.6941184,9.815358
6848968051259,20-06-2022 17:04:47:186,-0.39960137,-1.6965113,9.789038
6848976625894,20-06-2022 17:04:47:194,-0.44985065,-1.4644074,9.769895
6848987182196,20-06-2022 17:04:47:205,-0.552742,-1.2777673,9.949356
6849002182196,20-06-2022 17:04:47:220,-0.59581286,-1.1318051,9.9015
6849015817144,20-06-2022 17:04:47:233,-0.5814559,-1.0576276,9.760324
6849015868394,20-06-2022 17:04:47:233,-0.57188463,-1.2083755,9.80818
6849030868394,20-06-2022 17:04:47:248,-0.5240282,-1.4189439,9.908679
6849045868394,20-06-2022 17:04:47:263,-0.5288138,-1.5433706,9.8321085
6849048399332,20-06-2022 17:04:47:266,-0.56470615,-1.5146568,9.755538
6849054726676,20-06-2022 17:04:47:272,-0.6029913,-1.4835501,9.741181
6849059334176,20-06-2022 17:04:47:277,-0.59342,-1.3974084,9.686146
6849074334176,20-06-2022 17:04:47:292,-0.5599205,-1.2801601,9.609575
6849079320530,20-06-2022 17:04:47:297,-0.5072784,-1.2370893,9.702896
6849089463551,20-06-2022 17:04:47:307,-0.5096712,-1.4285151,9.688539
6849104463551,20-06-2022 17:04:47:322,-0.526421,-1.5816557,9.736395
6849112688030,20-06-2022 17:04:47:330,-0.4761717,-1.6486548,9.686146
6849127688030,20-06-2022 17:04:47:345,-0.44745782,-1.4955142,9.743574
6849142688030,20-06-2022 17:04:47:360,-0.44506502,-1.4476577,9.736395
6849157688030,20-06-2022 17:04:47:375,-0.41635114,-1.4093726,9.743574
6849172307040,20-06-2022 17:04:47:390,-0.40438703,-1.3663018,9.755538
6849180860217,20-06-2022 17:04:47:398,-0.3804588,-1.4069797,9.803394
6849194434957,20-06-2022 17:04:47:412,-0.37806597,-1.5050855,9.805787
6849209434957,20-06-2022 17:04:47:427,-0.37088752,-1.6390835,9.822537
6849214114696,20-06-2022 17:04:47:432,-0.34456646,-1.6677973,9.8632145
6849214163707,20-06-2022 17:04:47:432,-0.36370903,-1.5984055,9.779466
6849214213082,20-06-2022 17:04:47:432,-0.39481574,-1.442872,9.7196455
6849229213082,20-06-2022 17:04:47:447,-0.4426722,-1.3639089,9.801002
6849231611728,20-06-2022 17:04:47:449,-0.34456646,-1.4452649,9.82493
6849246611728,20-06-2022 17:04:47:464,-0.4426722,-1.5720844,9.760324
6849261611728,20-06-2022 17:04:47:479,-0.5599205,-1.4261223,9.71486
6849273692300,20-06-2022 17:04:47:491,-0.60777694,-1.3998013,9.710074
6849279355582,20-06-2022 17:04:47:497,-0.526421,-1.4380864,9.767502
6849283860061,20-06-2022 17:04:47:501,-0.45942193,-1.5026926,9.846465
6849293811832,20-06-2022 17:04:47:511,-0.41635114,-1.4644074,9.798609
6849300344280,20-06-2022 17:04:47:518,-0.46899325,-1.3782659,9.657433
6849312696050,20-06-2022 17:04:47:530,-0.4546363,-1.4380864,9.717253
6849318650269,20-06-2022 17:04:47:536,-0.39481574,-1.5840486,9.760324
6849333650269,20-06-2022 17:04:47:551,-0.37567315,-1.6654046,9.743574
6849347579540,20-06-2022 17:04:47:565,-0.3804588,-1.753939,9.712467
6849352315269,20-06-2022 17:04:47:570,-0.4139583,-1.8089739,9.736395
6849367315269,20-06-2022 17:04:47:585,-0.38524446,-1.7108682,9.743574
6849382315269,20-06-2022 17:04:47:600,-0.39481574,-1.6007984,9.710074
6849397315269,20-06-2022 17:04:47:615,-0.41874397,-1.5433706,9.731609
6849412315269,20-06-2022 17:04:47:630,-0.40917268,-1.4811572,9.664611
6849427315269,20-06-2022 17:04:47:645,-0.3684947,-1.5218352,9.812965
6849442315269,20-06-2022 17:04:47:660,-0.3182454,-1.6654046,9.760324
6849457315269,20-06-2022 17:04:47:675,-0.35413775,-1.7730815,9.674182
6849472315269,20-06-2022 17:04:47:690,-0.44027936,-1.7635103,9.657433
6849487315269,20-06-2022 17:04:47:705,-0.47856453,-1.7156538,9.674182
6849502315269,20-06-2022 17:04:47:720,-0.47138608,-1.5864414,9.676575
6849517315269,20-06-2022 17:04:47:735,-0.4354937,-1.5601203,9.688539
6849532315269,20-06-2022 17:04:47:750,-0.41874397,-1.6007984,9.712467
6849547315269,20-06-2022 17:04:47:765,-0.39960137,-1.6007984,9.726824
6849562315269,20-06-2022 17:04:47:780,-0.39720857,-1.605584,9.731609
6849577315269,20-06-2022 17:04:47:795,-0.38524446,-1.6510476,9.710074
6849592315269,20-06-2022 17:04:47:810,-0.37088752,-1.6462619,9.74836
6849607315269,20-06-2022 17:04:47:825,-0.3589234,-1.6462619,9.717253
6849622315269,20-06-2022 17:04:47:840,-0.3493521,-1.7324036,9.686146
6849637315269,20-06-2022 17:04:47:855,-0.36370903,-1.7970098,9.724431
6849652315269,20-06-2022 17:04:47:870,-0.36610186,-1.7850457,9.707682
6849667315269,20-06-2022 17:04:47:885,-0.3924229,-1.6534405,9.693324
6849680140009,20-06-2022 17:04:47:898,-0.39960137,-1.605584,9.729217
6849680635373,20-06-2022 17:04:47:898,-0.40917268,-1.672583,9.722038
6849681100998,20-06-2022 17:04:47:899,-0.36131623,-1.7587247,9.726824
6849681579957,20-06-2022 17:04:47:899,-0.32542387,-1.753939,9.77468
6849682219904,20-06-2022 17:04:47:900,-0.31585258,-1.7012969,9.767502
6849682714696,20-06-2022 17:04:47:900,-0.3684947,-1.6414764,9.729217
6849683195165,20-06-2022 17:04:47:901,-0.42831525,-1.6462619,9.712467
6849683662561,20-06-2022 17:04:47:901,-0.41156548,-1.6462619,9.710074
6849684138446,20-06-2022 17:04:47:902,-0.3804588,-1.6271194,9.669396
6849684605425,20-06-2022 17:04:47:902,-0.36370903,-1.7324036,10.193424
6849691798342,20-06-2022 17:04:47:909,-0.20817557,-1.7802601,10.040284
6849692554852,20-06-2022 17:04:47:910,-0.30867413,-1.7347964,9.8632145
6849694739279,20-06-2022 17:04:47:912,-0.39720857,-1.5720844,9.779466
6849695317925,20-06-2022 17:04:47:913,-0.43788654,-1.6701902,9.731609
6849702649748,20-06-2022 17:04:47:920,-0.36610186,-1.7371893,9.743574
6849712537665,20-06-2022 17:04:47:930,-0.28235307,-1.7204394,9.712467
6849723761259,20-06-2022 17:04:47:941,-0.28713873,-1.6845472,9.726824
6849738761259,20-06-2022 17:04:47:956,-0.32542387,-1.6486548,9.7196455
6849747849852,20-06-2022 17:04:47:965,-0.33499518,-1.727618,9.633504
6849762849852,20-06-2022 17:04:47:980,-0.3397808,-1.861616,9.8632145
6849771819175,20-06-2022 17:04:47:989,-0.22492532,-1.8592232,9.848858
6849786819175,20-06-2022 17:04:48:004,-0.28713873,-1.8855443,9.793823
6849796500842,20-06-2022 17:04:48:014,-0.3924229,-1.8185452,9.734002
6849796546884,20-06-2022 17:04:48:014,-0.3900301,-1.8113668,9.722038
6849811546884,20-06-2022 17:04:48:029,-0.37088752,-1.8257236,9.688539
6849825785842,20-06-2022 17:04:48:043,-0.3278167,-1.7730815,9.652647
6849825894540,20-06-2022 17:04:48:043,-0.28235307,-1.7443677,9.652647
6849832576050,20-06-2022 17:04:48:050,-0.26799613,-1.7970098,9.667004
6849847576050,20-06-2022 17:04:48:065,-0.33020952,-1.7970098,9.695718
6849862576050,20-06-2022 17:04:48:080,-0.32303107,-1.7682959,9.700503
6849877576050,20-06-2022 17:04:48:095,-0.33499518,-1.7443677,9.686146
6849883903186,20-06-2022 17:04:48:101,-0.29910284,-1.7659031,9.693324
6849883949123,20-06-2022 17:04:48:101,-0.27038896,-1.7826529,9.736395
6849894755269,20-06-2022 17:04:48:112,-0.26799613,-1.7778672,9.726824
6849902631154,20-06-2022 17:04:48:120,-0.28235307,-1.8017955,9.710074
6849915410529,20-06-2022 17:04:48:133,-0.27517462,-1.8448663,9.729217
6849924446571,20-06-2022 17:04:48:142,-0.31106696,-1.8544376,9.705289
6849931959227,20-06-2022 17:04:48:149,-0.29910284,-1.8903298,9.693324
6849942900477,20-06-2022 17:04:48:160,-0.2943172,-1.9166509,9.729217
6849951070738,20-06-2022 17:04:48:169,-0.2943172,-1.9357935,9.726824
6849966070738,20-06-2022 17:04:48:184,-0.31585258,-1.8855443,9.678967
6849970391988,20-06-2022 17:04:48:188,-0.3062813,-1.847259,9.662218
6849979678081,20-06-2022 17:04:48:197,-0.31585258,-1.7682959,9.671789
6849994678081,20-06-2022 17:04:48:212,-0.2536392,-1.4859428,9.221938
6850009678081,20-06-2022 17:04:48:227,-0.14596218,-1.6414764,9.60479
6850012099436,20-06-2022 17:04:48:230,-0.15074782,-1.969293,9.712467
6850020393863,20-06-2022 17:04:48:238,-0.2105684,-1.9860427,9.707682
6850034460217,20-06-2022 17:04:48:252,-0.31345975,-1.8233309,9.645468
6850046266363,20-06-2022 17:04:48:264,-0.28953153,-1.7754744,9.635897
6850056617613,20-06-2022 17:04:48:274,-0.3278167,-1.7898313,9.626326
6850071617613,20-06-2022 17:04:48:289,-0.28713873,-1.7706888,9.707682
6850081990998,20-06-2022 17:04:48:299,-0.28713873,-1.8185452,9.738789
6850082044956,20-06-2022 17:04:48:300,-0.28713873,-1.861616,9.710074
6850091013498,20-06-2022 17:04:48:309,-0.28235307,-1.8951155,9.731609
6850104647300,20-06-2022 17:04:48:322,-0.2656033,-1.8927227,9.724431
6850116608863,20-06-2022 17:04:48:334,-0.25842485,-1.8065811,9.738789
6850122561258,20-06-2022 17:04:48:340,-0.22492532,-1.7874385,9.693324
6850137561258,20-06-2022 17:04:48:355,-0.25603202,-1.835295,9.678967
6850152005477,20-06-2022 17:04:48:370,-0.25603202,-1.9190438,9.664611
6850158283081,20-06-2022 17:04:48:376,-0.27517462,-1.9334008,9.700503
6850158401311,20-06-2022 17:04:48:376,-0.13878371,-1.5864414,9.255438
6850169552717,20-06-2022 17:04:48:387,-0.12921242,-1.8161523,9.530613
6850184552717,20-06-2022 17:04:48:402,-0.18664017,-1.9669002,9.616755
6850193239436,20-06-2022 17:04:48:411,-0.28235307,-1.9716859,9.62154
6850208239436,20-06-2022 17:04:48:426,-0.3469593,-1.9477576,9.645468
6850211099279,20-06-2022 17:04:48:429,-0.29192436,-1.9740787,9.669396
6850220315686,20-06-2022 17:04:48:438,-0.22971097,-1.9357935,9.710074
6850226996467,20-06-2022 17:04:48:444,-0.16749759,-1.8831514,9.712467
6850238343498,20-06-2022 17:04:48:456,-0.20817557,-1.8568304,9.626326
6850253343498,20-06-2022 17:04:48:471,-0.25124636,-1.875973,9.674182
6850265319175,20-06-2022 17:04:48:483,-0.27517462,-1.9908284,9.745967
6850278724904,20-06-2022 17:04:48:496,-0.27996024,-2.062613,9.683753
6850278781310,20-06-2022 17:04:48:496,-0.26081768,-2.065006,9.669396
6850293781310,20-06-2022 17:04:48:511,-0.23449662,-2.0410776,9.662218
6850300385477,20-06-2022 17:04:48:518,-0.22971097,-2.009971,9.65504
6850308172560,20-06-2022 17:04:48:526,-0.23688944,-1.9932213,9.640682
6850323172560,20-06-2022 17:04:48:541,-0.24885355,-1.9812572,9.71486
6850330160685,20-06-2022 17:04:48:548,-0.23928227,-2.0195422,9.65504
6850345160685,20-06-2022 17:04:48:563,-0.21774685,-2.0410776,9.657433
6850360160685,20-06-2022 17:04:48:578,-0.22492532,-2.0434706,9.643075
6850371288498,20-06-2022 17:04:48:589,-0.2105684,-2.0434706,9.643075
6850380124904,20-06-2022 17:04:48:598,-0.20338993,-2.1008983,9.662218
6850392800008,20-06-2022 17:04:48:610,-0.19860429,-2.132005,9.707682
6850407800008,20-06-2022 17:04:48:625,-0.18664017,-2.1104696,9.690931
6850422800008,20-06-2022 17:04:48:640,-0.22731815,-2.036292,9.650253
6850437800008,20-06-2022 17:04:48:655,-0.2727818,-2.0051854,9.65504
6850452800008,20-06-2022 17:04:48:670,-0.2321038,-2.0315065,9.68136
6850467800008,20-06-2022 17:04:48:685,-0.18424734,-2.0410776,9.71486
6850482800008,20-06-2022 17:04:48:700,-0.18185452,-2.0434706,9.705289
6850497800008,20-06-2022 17:04:48:715,-0.2009971,-2.0961127,9.669396
6850512800008,20-06-2022 17:04:48:730,-0.22492532,-2.1343977,9.659825
6850527800008,20-06-2022 17:04:48:745,-0.23928227,-2.120041,9.638289
6850540380529,20-06-2022 17:04:48:758,-0.25603202,-2.103291,9.659825
6850540450894,20-06-2022 17:04:48:758,-0.2656033,-2.1128623,9.645468
6850540496102,20-06-2022 17:04:48:758,-0.23688944,-2.1511476,9.65504
6850540542040,20-06-2022 17:04:48:758,-0.18903299,-2.158326,9.650253
6850540585165,20-06-2022 17:04:48:758,-0.1698904,-2.1463618,9.671789
6850555585165,20-06-2022 17:04:48:773,-0.19621146,-2.1248264,9.667004
6850567024123,20-06-2022 17:04:48:785,-0.22013968,-2.091327,9.650253
6850570666675,20-06-2022 17:04:48:788,-0.26081768,-2.091327,9.623933
6850570716675,20-06-2022 17:04:48:788,-0.24646074,-2.1415763,9.626326
6850570761467,20-06-2022 17:04:48:788,-0.23449662,-2.184647,9.619147
6850583329696,20-06-2022 17:04:48:801,-0.19142582,-2.2181466,9.635897
6850585882821,20-06-2022 17:04:48:803,-0.18903299,-2.172683,9.676575
6850600882821,20-06-2022 17:04:48:818,-0.21296121,-2.103291,9.659825
6850608965477,20-06-2022 17:04:48:826,-0.24646074,-2.0673988,9.631111
6850617306050,20-06-2022 17:04:48:835,-0.26081768,-2.1343977,9.628718
6850626802404,20-06-2022 17:04:48:844,-0.25124636,-2.199004,9.647861
6850641802404,20-06-2022 17:04:48:859,-0.23688944,-2.1894326,9.600004
6850649114748,20-06-2022 17:04:48:867,-0.23449662,-2.160719,9.633504
6850664114748,20-06-2022 17:04:48:882,-0.21774685,-2.1678972,9.635897
6850679114748,20-06-2022 17:04:48:897,-0.25842485,-2.143969,9.614362
6850694114748,20-06-2022 17:04:48:912,-0.2727818,-2.1774685,9.6071825
6850706935581,20-06-2022 17:04:48:924,-0.2536392,-2.184647,9.62154
6850706982144,20-06-2022 17:04:48:924,-0.22492532,-2.1631117,9.60479
6850707028394,20-06-2022 17:04:48:925,-0.2105684,-2.1391835,9.62154
6850716360737,20-06-2022 17:04:48:934,-0.2416751,-2.0793629,9.638289
6850723342352,20-06-2022 17:04:48:941,-0.27756742,-2.050649,9.662218
6850738342352,20-06-2022 17:04:48:956,-0.2847459,-2.050649,9.643075
6850741935529,20-06-2022 17:04:48:959,-0.24885355,-2.105684,9.635897
6850752539071,20-06-2022 17:04:48:970,-0.23449662,-2.1511476,9.628718
6850766328133,20-06-2022 17:04:48:984,-0.2536392,-2.1391835,9.640682
6850772636779,20-06-2022 17:04:48:990,-0.2727818,-2.143969,9.643075
6850787636779,20-06-2022 17:04:49:005,-0.2727818,-2.1343977,9.633504
6850793557560,20-06-2022 17:04:49:011,-0.28713873,-2.1224337,9.633504
6850803172560,20-06-2022 17:04:49:021,-0.2727818,-2.1248264,9.645468
6850818172560,20-06-2022 17:04:49:036,-0.19860429,-2.1822543,9.65504
6850825530842,20-06-2022 17:04:49:043,-0.19142582,-2.2061825,9.690931
6850840530842,20-06-2022 17:04:49:058,-0.20338993,-2.1296122,9.676575
6850855530842,20-06-2022 17:04:49:073,-0.24646074,-2.0673988,9.647861
6850866570269,20-06-2022 17:04:49:084,-0.25124636,-2.0985055,9.657433
6850866619123,20-06-2022 17:04:49:084,-0.23928227,-2.143969,9.669396
6850881619123,20-06-2022 17:04:49:099,-0.2321038,-2.1248264,9.650253
6850896619123,20-06-2022 17:04:49:114,-0.2727818,-2.1176481,9.65504
6850911619123,20-06-2022 17:04:49:129,-0.25603202,-2.1487548,9.650253
6850912041414,20-06-2022 17:04:49:130,-0.2632105,-2.1248264,9.633504
6850912086727,20-06-2022 17:04:49:130,-0.27996024,-2.062613,9.645468
6850927086727,20-06-2022 17:04:49:145,-0.2727818,-2.091327,9.633504
6850937354175,20-06-2022 17:04:49:155,-0.2416751,-2.160719,9.635897
6850939999852,20-06-2022 17:04:49:157,-0.22253251,-2.1966112,9.623933
6850949206831,20-06-2022 17:04:49:167,-0.2416751,-2.1463618,9.635897
6850961039383,20-06-2022 17:04:49:179,-0.25124636,-2.132005,9.633504
6850976039383,20-06-2022 17:04:49:194,-0.26799613,-2.1655045,9.623933
6850990761935,20-06-2022 17:04:49:208,-0.2656033,-2.1224337,9.616755
6850990825269,20-06-2022 17:04:49:208,-0.25124636,-2.103291,9.635897
6850998018133,20-06-2022 17:04:49:216,-0.2536392,-2.1463618,9.643075
6851010434591,20-06-2022 17:04:49:228,-0.21535404,-2.1750758,9.631111
6851025434591,20-06-2022 17:04:49:243,-0.21296121,-2.1822543,9.676575
6851032041831,20-06-2022 17:04:49:250,-0.22971097,-2.115255,9.669396
6851043879435,20-06-2022 17:04:49:261,-0.27996024,-2.0338993,9.678967
6851052305164,20-06-2022 17:04:49:270,-0.2943172,-2.053042,9.619147
6851064034956,20-06-2022 17:04:49:282,-0.27996024,-2.1080768,9.638289
6851079034956,20-06-2022 17:04:49:297,-0.2416751,-2.1535404,9.628718
6851094034956,20-06-2022 17:04:49:312,-0.2105684,-2.2181466,9.647861
6851109034956,20-06-2022 17:04:49:327,-0.21535404,-2.1822543,9.645468
6851124034956,20-06-2022 17:04:49:342,-0.27038896,-2.0554347,9.664611
6851139034956,20-06-2022 17:04:49:357,-0.31585258,-1.9716859,9.635897
6851154034956,20-06-2022 17:04:49:372,-0.2943172,-2.036292,9.662218
6851169034956,20-06-2022 17:04:49:387,-0.22492532,-2.1104696,9.659825
6851184034956,20-06-2022 17:04:49:402,-0.20578274,-2.1655045,9.631111
6851199034956,20-06-2022 17:04:49:417,-0.20578274,-2.2061825,9.647861
6851214034956,20-06-2022 17:04:49:432,-0.23449662,-2.1296122,9.667004
6851229034956,20-06-2022 17:04:49:447,-0.25124636,-2.0147567,9.626326
6851244034956,20-06-2022 17:04:49:462,-0.24885355,-2.0003998,9.662218
6851259034956,20-06-2022 17:04:49:477,-0.2440679,-2.1008983,9.667004
6851274034956,20-06-2022 17:04:49:492,-0.21774685,-2.1272194,9.662218
6851289034956,20-06-2022 17:04:49:507,-0.19860429,-2.132005,9.664611
6851304034956,20-06-2022 17:04:49:522,-0.22971097,-2.1008983,9.640682
6851319034956,20-06-2022 17:04:49:537,-0.26081768,-2.0697916,9.626326
6851334034956,20-06-2022 17:04:49:552,-0.27756742,-2.050649,9.633504
6851349034956,20-06-2022 17:04:49:567,-0.2440679,-2.0458634,9.647861
6851364034956,20-06-2022 17:04:49:582,-0.22731815,-2.1104696,9.664611
6851379034956,20-06-2022 17:04:49:597,-0.19381863,-2.103291,9.662218
6851394034956,20-06-2022 17:04:49:612,-0.22492532,-2.091327,9.657433
6851409034956,20-06-2022 17:04:49:627,-0.2656033,-2.0386848,9.635897
6851424034956,20-06-2022 17:04:49:642,-0.24646074,-2.0195422,9.652647
6851432391883,20-06-2022 17:04:49:650,-0.23449662,-2.0554347,9.664611
6851447391883,20-06-2022 17:04:49:665,-0.21774685,-2.0697916,9.65504
6851462391883,20-06-2022 17:04:49:680,-0.21774685,-2.065006,9.664611
6851477391883,20-06-2022 17:04:49:695,-0.23449662,-2.091327,9.647861
6851492391883,20-06-2022 17:04:49:710,-0.24885355,-2.065006,9.640682
6851507391883,20-06-2022 17:04:49:725,-0.24646074,-2.0410776,9.645468
6851522391883,20-06-2022 17:04:49:740,-0.2416751,-2.0745773,9.640682
6851537391883,20-06-2022 17:04:49:755,-0.22013968,-2.1224337,9.659825
6851552391883,20-06-2022 17:04:49:770,-0.24885355,-2.1080768,9.635897
6851567391883,20-06-2022 17:04:49:785,-0.27756742,-2.0961127,9.62154
6851582391883,20-06-2022 17:04:49:800,-0.25842485,-2.1128623,9.671789
6851597391883,20-06-2022 17:04:49:815,-0.25603202,-2.062613,9.614362
6851612391883,20-06-2022 17:04:49:830,-0.27756742,-2.0602202,9.650253
6851627391883,20-06-2022 17:04:49:845,-0.27038896,-2.065006,9.645468
6851642391883,20-06-2022 17:04:49:860,-0.27517462,-2.0171494,9.626326
6851643746779,20-06-2022 17:04:49:861,-0.27996024,-2.0386848,9.638289
6851644667091,20-06-2022 17:04:49:862,-0.23449662,-2.1248264,9.652647
6851645208654,20-06-2022 17:04:49:863,-0.24646074,-2.0889342,9.669396
6851645663654,20-06-2022 17:04:49:863,-0.2632105,-1.9932213,9.65504
6851646076206,20-06-2022 17:04:49:864,-0.2536392,-2.0219352,9.650253
6851647138029,20-06-2022 17:04:49:865,-0.24885355,-2.0410776,9.671789
6851647609175,20-06-2022 17:04:49:865,-0.24646074,-2.0578275,9.659825
6851662609175,20-06-2022 17:04:49:880,-0.27038896,-2.0578275,9.611969
6851677609175,20-06-2022 17:04:49:895,-0.25842485,-2.115255,9.640682
6851692609175,20-06-2022 17:04:49:910,-0.21296121,-2.103291,9.68136
6851694350268,20-06-2022 17:04:49:912,-0.22253251,-2.062613,9.645468
6851695306050,20-06-2022 17:04:49:913,-0.2321038,-2.062613,9.65504
6851695966310,20-06-2022 17:04:49:913,-0.20338993,-2.1128623,9.68136
6851697041154,20-06-2022 17:04:49:915,-0.22731815,-2.050649,9.671789
6851697509904,20-06-2022 17:04:49:915,-0.23688944,-1.9908284,9.638289
6851698374591,20-06-2022 17:04:49:916,-0.21774685,-2.0315065,9.688539
6851698861831,20-06-2022 17:04:49:916,-0.1794617,-2.062613,9.650253
6851699290372,20-06-2022 17:04:49:917,-0.21296121,-2.0410776,9.669396
6851700219591,20-06-2022 17:04:49:918,-0.2416751,-2.0410776,9.652647
6851715219591,20-06-2022 17:04:49:933,-0.23688944,-2.1224337,9.674182
6851730219591,20-06-2022 17:04:49:948,-0.22971097,-2.062613,9.688539
6851733826050,20-06-2022 17:04:49:951,-0.2536392,-2.0147567,9.669396
6851734625112,20-06-2022 17:04:49:952,-0.22492532,-2.0315065,9.674182
6851735994956,20-06-2022 17:04:49:953,-0.21535404,-2.103291,9.667004
6851747708810,20-06-2022 17:04:49:965,-0.20817557,-2.1750758,9.635897
6851748982560,20-06-2022 17:04:49:966,-0.22013968,-2.2325034,9.619147
6851758546518,20-06-2022 17:04:49:976,-0.23449662,-2.1535404,9.650253
6851761101675,20-06-2022 17:04:49:979,-0.23449662,-2.0673988,9.647861
6851762053133,20-06-2022 17:04:49:980,-0.2656033,-2.050649,9.631111
6851762832143,20-06-2022 17:04:49:980,-0.2943172,-2.065006,9.638289
6851763587508,20-06-2022 17:04:49:981,-0.24885355,-2.0937197,9.643075
6851764105581,20-06-2022 17:04:49:982,-0.22731815,-2.1535404,9.619147
6851779105581,20-06-2022 17:04:49:997,-0.22253251,-2.1942184,9.667004
6851794105581,20-06-2022 17:04:50:012,-0.21296121,-2.1391835,9.686146
6851807736258,20-06-2022 17:04:50:025,-0.25603202,-2.062613,9.652647
6851813576049,20-06-2022 17:04:50:031,-0.27756742,-2.0434706,9.643075
6851817260893,20-06-2022 17:04:50:035,-0.2727818,-1.9716859,9.631111
6851819935372,20-06-2022 17:04:50:037,-0.2416751,-1.8185452,9.650253
6851830865164,20-06-2022 17:04:50:048,-0.22253251,-1.8400806,9.667004
6851845861831,20-06-2022 17:04:50:063,-0.15792629,-2.1008983,9.676575
6851854838341,20-06-2022 17:04:50:072,-0.12203395,-2.306681,9.722038
6851869838341,20-06-2022 17:04:50:087,-0.20338993,-2.2875385,9.667004
6851884838341,20-06-2022 17:04:50:102,-0.28235307,-2.1966112,9.643075
6851899838341,20-06-2022 17:04:50:117,-0.31106696,-2.1511476,9.626326
6851906406154,20-06-2022 17:04:50:124,-0.2727818,-2.1080768,9.659825
6851921406154,20-06-2022 17:04:50:139,-0.24885355,-2.1008983,9.657433
6851931627039,20-06-2022 17:04:50:149,-0.25124636,-2.0841484,9.652647
6851933507508,20-06-2022 17:04:50:151,-0.25842485,-2.0338993,9.674182
6851934179904,20-06-2022 17:04:50:152,-0.25842485,-2.0027926,9.667004
6851939699591,20-06-2022 17:04:50:157,-0.22492532,-1.9166509,9.662218
6851947659227,20-06-2022 17:04:50:165,-0.21296121,-1.8089739,9.652647
6851958373029,20-06-2022 17:04:50:176,-0.22013968,-1.753939,9.65504
6851972571049,20-06-2022 17:04:50:190,-0.2321038,-1.8448663,9.62154
6851983535008,20-06-2022 17:04:50:201,-0.26799613,-2.0075781,9.631111
6851992258758,20-06-2022 17:04:50:210,-0.22253251,-2.1367905,9.664611
6852007258758,20-06-2022 17:04:50:225,-0.22971097,-2.0889342,9.635897
6852016532143,20-06-2022 17:04:50:234,-0.29671,-1.9716859,9.5665045
6852024437924,20-06-2022 17:04:50:242,-0.27996024,-2.0386848,9.623933
6852035163862,20-06-2022 17:04:50:253,-0.2536392,-2.1631117,9.62154
6852041605945,20-06-2022 17:04:50:259,-0.25603202,-2.3042881,9.638289
6852056605945,20-06-2022 17:04:50:274,-0.20578274,-2.440679,9.62154
6852060120841,20-06-2022 17:04:50:278,-0.16510476,-2.5028925,9.722038
6852067843237,20-06-2022 17:04:50:285,-0.16271193,-2.3425734,9.724431
6852077034331,20-06-2022 17:04:50:295,-0.22731815,-2.0817556,9.678967
6852091044122,20-06-2022 17:04:50:309,-0.3278167,-1.7922242,9.659825
6852106044122,20-06-2022 17:04:50:324,-0.35413775,-1.7156538,9.669396
6852109746674,20-06-2022 17:04:50:327,-0.31345975,-1.8664017,9.700503
6852124746674,20-06-2022 17:04:50:342,-0.26799613,-2.0817556,9.693324
6852139746674,20-06-2022 17:04:50:357,-0.24646074,-2.2348964,9.690931
6852154746674,20-06-2022 17:04:50:372,-0.24646074,-2.2827528,9.631111
6852169746674,20-06-2022 17:04:50:387,-0.2536392,-2.254039,9.628718
6852174365060,20-06-2022 17:04:50:392,-0.22492532,-2.1655045,9.690931
6852174821570,20-06-2022 17:04:50:392,-0.22731815,-2.0482562,9.722038
6852180155581,20-06-2022 17:04:50:398,-0.29192436,-2.0147567,9.688539
6852195155581,20-06-2022 17:04:50:413,-0.32303107,-2.07697,9.652647
6852204307143,20-06-2022 17:04:50:422,-0.29910284,-2.143969,9.645468
6852219307143,20-06-2022 17:04:50:437,-0.22492532,-2.1870399,9.623933
6852227220164,20-06-2022 17:04:50:445,-0.062213387,-2.2205393,9.609575
6852242220164,20-06-2022 17:04:50:460,0.11246266,-2.1535404,9.674182
6852247433393,20-06-2022 17:04:50:465,0.23688944,-1.9884356,9.755538
6852247481622,20-06-2022 17:04:50:465,0.24646074,-1.8137596,9.8727865
6852262481622,20-06-2022 17:04:50:480,0.15792629,-1.6007984,9.906285
6852269301674,20-06-2022 17:04:50:487,-0.0023928226,-1.5481563,9.8727865
6852274939747,20-06-2022 17:04:50:492,-0.22013968,-1.6462619,9.767502
6852284919278,20-06-2022 17:04:50:502,-0.33020952,-1.8903298,9.614362
6852296977143,20-06-2022 17:04:50:514,-0.36370903,-2.1008983,9.446864
6852311581935,20-06-2022 17:04:50:529,-0.37088752,-2.3401806,9.186047
6852326581935,20-06-2022 17:04:50:544,-0.2536392,-2.6871397,8.855837
6852341581935,20-06-2022 17:04:50:559,-0.023928227,-3.2973096,8.841479
6852356581935,20-06-2022 17:04:50:574,0.22492532,-3.9146578,9.3200445
6852371581935,20-06-2022 17:04:50:589,0.28235307,-4.0510488,9.877572
6852386581935,20-06-2022 17:04:50:604,0.12203395,-3.6801612,10.035499
6852401581935,20-06-2022 17:04:50:619,-0.11485548,-3.1393833,9.626326
6852416581935,20-06-2022 17:04:50:634,-0.30149564,-2.7493532,9.260223
6852417546258,20-06-2022 17:04:50:635,-0.28235307,-2.5196424,9.262616
6852417592143,20-06-2022 17:04:50:635,-0.18664017,-2.2995026,9.420543
6852417642403,20-06-2022 17:04:50:635,-0.14596218,-2.0291135,9.499506
6852418714851,20-06-2022 17:04:50:636,-0.12203395,-1.8879371,9.482756
6852433714851,20-06-2022 17:04:50:651,-0.11964113,-2.0147567,9.389436
6852447118289,20-06-2022 17:04:50:665,-0.083748795,-2.3186452,9.609575
6852447165008,20-06-2022 17:04:50:665,-0.050249275,-2.400001,9.707682
6852462165008,20-06-2022 17:04:50:680,0.023928227,-2.548356,9.923036
6852470235112,20-06-2022 17:04:50:688,-0.0023928226,-2.4622145,9.923036
6852485235112,20-06-2022 17:04:50:703,-0.062213387,-2.2301106,9.717253
6852497364330,20-06-2022 17:04:50:715,-0.047856454,-1.9764715,9.552148
6852497431778,20-06-2022 17:04:50:715,0.021535404,-1.9597218,9.712467
6852512431778,20-06-2022 17:04:50:730,0.0741775,-2.1822543,9.762716
6852514597195,20-06-2022 17:04:50:732,0.06699903,-2.2660031,9.755538
6852528637039,20-06-2022 17:04:50:746,-0.059820566,-2.0793629,9.731609
6852537449747,20-06-2022 17:04:50:755,-0.24885355,-1.8424734,9.712467
6852549200685,20-06-2022 17:04:50:767,-0.37806597,-1.6821543,9.659825
6852557156049,20-06-2022 17:04:50:775,-0.4331009,-1.6342978,9.614362
6852572156049,20-06-2022 17:04:50:790,-0.40677986,-1.7491534,9.542577
6852581811778,20-06-2022 17:04:50:799,-0.32303107,-1.9094725,9.537791
6852596811778,20-06-2022 17:04:50:814,-0.23688944,-2.0673988,9.561719
6852606929330,20-06-2022 17:04:50:824,-0.20338993,-2.2229323,9.518648
6852608850268,20-06-2022 17:04:50:826,-0.16510476,-2.3258235,9.5353985
6852623850268,20-06-2022 17:04:50:841,-0.14596218,-2.428715,9.573684
6852638850268,20-06-2022 17:04:50:856,-0.1052842,-2.5172493,9.573684
6852653850268,20-06-2022 17:04:50:871,-0.10767702,-2.548356,9.501899
6852668850268,20-06-2022 17:04:50:886,-0.014356935,-2.6105695,9.525827
6852683850268,20-06-2022 17:04:50:901,0.078963146,-2.6656044,9.676575
6852698850268,20-06-2022 17:04:50:916,0.10049855,-2.6081767,9.738789
6852713850268,20-06-2022 17:04:50:931,0.009571291,-2.4143581,9.741181
6852728850268,20-06-2022 17:04:50:946,-0.14356937,-2.1894326,9.667004
6852743850268,20-06-2022 17:04:50:961,-0.25124636,-2.0027926,9.602397
6852752853862,20-06-2022 17:04:50:970,-0.2943172,-1.9573289,9.5665045
6852753060112,20-06-2022 17:04:50:971,-0.24646074,-2.050649,9.525827
6852753117664,20-06-2022 17:04:50:971,-0.16749759,-2.3114667,9.556933
6852753162507,20-06-2022 17:04:50:971,-0.10767702,-2.5555346,9.678967
6852753207768,20-06-2022 17:04:50:971,-0.17706887,-2.5674987,9.686146
6852768207768,20-06-2022 17:04:50:986,-0.25124636,-2.4358935,9.662218
6852783207768,20-06-2022 17:04:51:001,-0.29910284,-2.2947168,9.662218
6852793005164,20-06-2022 17:04:51:011,-0.32542387,-2.160719,9.564112
6852793051674,20-06-2022 17:04:51:011,-0.27996024,-2.0458634,9.442079
6852793104487,20-06-2022 17:04:51:011,-0.1698904,-1.9860427,9.5353985
6852808104487,20-06-2022 17:04:51:026,-0.11006984,-2.0458634,9.688539
6852819485424,20-06-2022 17:04:51:037,-0.15553348,-2.0267208,9.745967
6852819534851,20-06-2022 17:04:51:037,-0.2632105,-1.9453648,9.7196455
6852828586622,20-06-2022 17:04:51:046,-0.36131623,-1.9094725,9.700503
6852843586622,20-06-2022 17:04:51:061,-0.42831525,-1.9621146,9.60479
6852854160997,20-06-2022 17:04:51:072,-0.37088752,-2.0721843,9.556933
6852869160997,20-06-2022 17:04:51:087,-0.27996024,-2.1272194,9.611969
6852884160997,20-06-2022 17:04:51:102,-0.124426775,-1.8568304,9.501899
6852899160997,20-06-2022 17:04:51:117,-0.08135597,-2.0051854,9.578469
6852914160997,20-06-2022 17:04:51:132,-0.09810573,-2.268396,9.674182
6852929160997,20-06-2022 17:04:51:147,-0.05503492,-2.3282163,9.753145
6852932018653,20-06-2022 17:04:51:150,-0.08135597,-2.1224337,9.745967
6852932067872,20-06-2022 17:04:51:150,-0.11964113,-1.8783658,9.7196455
6852947067872,20-06-2022 17:04:51:165,-0.13160525,-1.727618,9.676575
6852962067872,20-06-2022 17:04:51:180,-0.08853444,-1.7012969,9.724431
6852963094278,20-06-2022 17:04:51:181,-0.04546363,-1.6701902,9.779466
6852963145164,20-06-2022 17:04:51:181,-0.10289137,-1.6749759,9.784252
6852978145164,20-06-2022 17:04:51:196,-0.19142582,-1.6917256,9.765109
6852984934539,20-06-2022 17:04:51:202,-0.26799613,-1.7228323,9.700503
6852993366049,20-06-2022 17:04:51:211,-0.23928227,-1.8400806,9.667004
6852999447403,20-06-2022 17:04:51:217,-0.12921242,-2.0147567,9.743574
6853008463601,20-06-2022 17:04:51:226,-0.09810573,-2.1391835,9.755538
6853017367716,20-06-2022 17:04:51:235,-0.14117654,-2.1870399,9.734002
6853029172820,20-06-2022 17:04:51:247,-0.2440679,-2.1415763,9.662218
6853037068601,20-06-2022 17:04:51:255,-0.30388847,-2.0721843,9.62154
6853052068601,20-06-2022 17:04:51:270,-0.31345975,-2.07697,9.497113
6853063038028,20-06-2022 17:04:51:281,-0.2009971,-2.3114667,9.444471
6853070590893,20-06-2022 17:04:51:288,-0.076570325,-2.565106,9.657433
6853080500997,20-06-2022 17:04:51:298,-0.033499517,-2.5387847,9.779466
6853087496205,20-06-2022 17:04:51:305,-0.16510476,-2.2731814,9.741181
6853099509486,20-06-2022 17:04:51:317,-0.33260235,-1.9669002,9.686146
6853114509486,20-06-2022 17:04:51:332,-0.42592242,-1.7300107,9.628718
6853122971778,20-06-2022 17:04:51:340,-0.4019942,-1.6630118,9.595219
6853133771101,20-06-2022 17:04:51:351,-0.29192436,-1.7754744,9.616755
6853139138549,20-06-2022 17:04:51:357,-0.21774685,-1.9525433,9.710074
6853153599851,20-06-2022 17:04:51:371,-0.2440679,-2.0458634,9.638289
6853168599851,20-06-2022 17:04:51:386,-0.33260235,-2.1463618,9.559326
6853173146830,20-06-2022 17:04:51:391,-0.37806597,-2.1918256,9.54497
6853188146830,20-06-2022 17:04:51:406,-0.40677986,-2.2348964,9.595219
6853200870997,20-06-2022 17:04:51:418,-0.38524446,-2.103291,9.698111
6853215870997,20-06-2022 17:04:51:433,-0.36131623,-1.8951155,9.7196455
6853230870997,20-06-2022 17:04:51:448,-0.35653058,-1.7946169,9.628718
6853245870997,20-06-2022 17:04:51:463,-0.2943172,-1.8640088,9.6071825
6853256634695,20-06-2022 17:04:51:474,-0.23928227,-2.062613,9.712467
6853256686778,20-06-2022 17:04:51:474,-0.23928227,-2.1798615,9.700503
6853256735945,20-06-2022 17:04:51:474,-0.27756742,-2.213361,9.705289
6853256784486,20-06-2022 17:04:51:474,-0.3182454,-2.1559331,9.722038
6853271784486,20-06-2022 17:04:51:489,-0.39960137,-1.9405792,9.688539
6853282108132,20-06-2022 17:04:51:500,-0.4833502,-1.5840486,9.650253
6853287911101,20-06-2022 17:04:51:505,-0.5455636,-1.3878372,9.7196455
6853294099695,20-06-2022 17:04:51:512,-0.5312066,-1.3375878,9.683753
6853306456205,20-06-2022 17:04:51:524,-0.4642076,-1.39023,9.707682
6853321456205,20-06-2022 17:04:51:539,-0.4139583,-1.4715859,9.74836
6853329103966,20-06-2022 17:04:51:547,-0.3900301,-1.6558332,9.717253
6853343576570,20-06-2022 17:04:51:561,-0.49052864,-1.7802601,9.633504
6853350627247,20-06-2022 17:04:51:568,-0.57906306,-1.9381863,9.645468
6853353889018,20-06-2022 17:04:51:571,-0.57188463,-1.9501505,9.595219
6853363516934,20-06-2022 17:04:51:581,-0.55513483,-2.0673988,9.631111
6853378516934,20-06-2022 17:04:51:596,-0.4546363,-1.9860427,9.664611
6853393516934,20-06-2022 17:04:51:611,-0.29910284,-1.861616,9.645468
6853403975841,20-06-2022 17:04:51:621,-0.2416751,-1.9501505,9.853643
6853404027195,20-06-2022 17:04:51:622,-0.2321038,-2.065006,9.7196455
6853413687195,20-06-2022 17:04:51:631,-0.26799613,-2.2899313,9.7196455
6853423754851,20-06-2022 17:04:51:641,-0.30867413,-2.5172493,9.518648
6853438754851,20-06-2022 17:04:51:656,-0.22731815,-2.8642087,9.552148
6853453754851,20-06-2022 17:04:51:671,-0.09332009,-3.1728828,9.669396
6853457377038,20-06-2022 17:04:51:675,-0.062213387,-3.1657043,9.702896
6853472377038,20-06-2022 17:04:51:690,-0.09092726,-2.8546374,9.700503
6853487377038,20-06-2022 17:04:51:705,-0.12921242,-2.4861426,9.635897
6853497526570,20-06-2022 17:04:51:715,-0.16031912,-2.3042881,9.631111
6853497576049,20-06-2022 17:04:51:715,-0.1363909,-2.2420747,9.693324
6853512576049,20-06-2022 17:04:51:730,-0.1268196,-2.2875385,9.690931
6853522167872,20-06-2022 17:04:51:740,-0.148355,-2.4095724,9.741181
6853522288393,20-06-2022 17:04:51:740,-0.25603202,-2.4191437,9.769895
6853531587507,20-06-2022 17:04:51:749,-0.40677986,-2.2995026,9.726824
6853546587507,20-06-2022 17:04:51:764,-0.5407779,-2.103291,9.623933
6853561587507,20-06-2022 17:04:51:779,-0.58624154,-1.9094725,9.509077
6853562452976,20-06-2022 17:04:51:780,-0.5168497,-1.8783658,9.449257
6853574313028,20-06-2022 17:04:51:792,-0.37088752,-2.0458634,9.590433
6853582203653,20-06-2022 17:04:51:800,-0.35653058,-2.158326,9.68136
6853590867247,20-06-2022 17:04:51:808,-0.4211368,-2.1176481,9.71486
6853599690320,20-06-2022 17:04:51:817,-0.5192425,-2.0745773,9.700503
6853611172715,20-06-2022 17:04:51:829,-0.59342,-2.050649,9.473185
6853620504799,20-06-2022 17:04:51:838,-0.4953143,-2.1822543,9.355937
6853635504799,20-06-2022 17:04:51:853,-0.29192436,-2.3162522,9.595219
6853650504799,20-06-2022 17:04:51:868,-0.18185452,-2.3018954,9.781859
6853665504799,20-06-2022 17:04:51:883,-0.24885355,-2.1798615,9.777073
6853680504799,20-06-2022 17:04:51:898,-0.4139583,-2.024328,9.671789
6853695504799,20-06-2022 17:04:51:913,-0.57188463,-1.9190438,9.501899
6853705149643,20-06-2022 17:04:51:923,-0.5479564,-1.9884356,9.564112
6853705196934,20-06-2022 17:04:51:923,-0.4139583,-2.0961127,9.753145
6853705246726,20-06-2022 17:04:51:923,-0.32063824,-2.0889342,9.77468
6853720246726,20-06-2022 17:04:51:938,-0.3469593,-1.9573289,9.717253
6853733819330,20-06-2022 17:04:51:951,-0.47856453,-1.8520447,9.717253
6853733871674,20-06-2022 17:04:51:951,-0.5838487,-1.7706888,9.676575
6853739879434,20-06-2022 17:04:51:957,-0.6843473,-1.6414764,9.611969
6853752547038,20-06-2022 17:04:51:970,-0.7082755,-1.4835501,9.583255
6853767547038,20-06-2022 17:04:51:985,-0.65084773,-1.4500505,9.640682
6853782547038,20-06-2022 17:04:52:000,-0.57427746,-1.5625132,9.712467
6853793601726,20-06-2022 17:04:52:011,-0.51206404,-1.6534405,9.690931
6853805091257,20-06-2022 17:04:52:023,-0.58624154,-1.7419748,9.65504
6853820091257,20-06-2022 17:04:52:038,-0.66999036,-1.6821543,9.674182
6853823475372,20-06-2022 17:04:52:041,-0.6987042,-1.5074782,9.772287
6853823958445,20-06-2022 17:04:52:041,-0.70348984,-1.3782659,10.238888
6853838958445,20-06-2022 17:04:52:056,-0.68195444,-1.0695918,9.997213
6853847682559,20-06-2022 17:04:52:065,-0.8709874,-0.9762716,9.822537
6853857096986,20-06-2022 17:04:52:075,-1.0336994,-0.930808,9.578469
6853865512195,20-06-2022 17:04:52:083,-0.997807,-0.82313097,9.674182
